{
  "build": "release",
  "mode": "zip",
  "selectedAddons": [
    "joml"
  ],
  "platform": [
    "linux",
    "windows",
    "windows-x86"
  ],
  "descriptions": false,
  "compact": false,
  "hardcoded": false,
  "javadoc": true,
  "includeJSON": true,
  "source": true,
  "osgi": false,
  "language": "groovy",
  "contents": [
    "lwjgl",
    "lwjgl-assimp",
    "lwjgl-bgfx",
    "lwjgl-cuda",
    "lwjgl-glfw",
    "lwjgl-nanovg",
    "lwjgl-nuklear",
    "lwjgl-openal",
    "lwjgl-opencl",
    "lwjgl-opengl",
    "lwjgl-opengles",
    "lwjgl-par",
    "lwjgl-stb",
    "lwjgl-vulkan",
    "lwjgl-jemalloc"
  ],
  "version": "3.3.4",
  "versionLatest": "3.3.4"
}